{"loss": 0.26749229431152344, "val_loss": 1.5163215398788452, "_timestamp": 1722884629, "_runtime": 17, "_step": 25, "_wandb": {"runtime": 17}}