{"loss": 0.2603476941585541, "val_loss": 1.4752733707427979, "_timestamp": 1722883857, "_runtime": 27, "_step": 25, "_wandb": {"runtime": 24}}