{"loss": 0.8264232873916626, "val_loss": 0.6723746657371521, "_timestamp": 1722884629, "_runtime": 17, "_step": 25, "_wandb": {"runtime": 17}}