{"loss": 0.006678732032152979, "val_loss": 0.08685220722317735, "_timestamp": 1723048508, "_runtime": 334, "_step": 2787}