{"loss": 0.4852733612060547, "val_loss": 1.1639314889907837, "_timestamp": 1722884629, "_runtime": 17, "_step": 25, "_wandb": {"runtime": 17}}