{"loss": 0.48849406838417053, "val_loss": 1.1379079818725586, "_timestamp": 1722883858, "_runtime": 28, "_step": 25, "_wandb": {"runtime": 24}}