{"loss": 0.9655939340591431, "val_loss": 0.7705729603767395, "_timestamp": 1722884629, "_runtime": 17, "_step": 25, "_wandb": {"runtime": 17}}