{"loss": 0.005958825041733945, "val_loss": 0.0398520108232273, "_timestamp": 1723048508, "_runtime": 334, "_step": 2797}