{"loss": 0.9696143269538879, "val_loss": 0.745786190032959, "_timestamp": 1722883858, "_runtime": 28, "_step": 25, "_wandb": {"runtime": 24}}