{"loss": 1.0096038579940796, "val_loss": 0.5871128439903259, "_timestamp": 1722883856, "_runtime": 26, "_step": 25, "_wandb": {"runtime": 23}}